"MachineName";"Port";"Open"
"atdnt32";"20";"False"
"atdnt32";"21";"False"
"atdnt32";"23";"False"
"atdnt32";"69";"False"
"atdnt32";"80";"True"
"atdnt32";"119";"False"
"atdnt51";"20";"False"
"atdnt51";"21";"False"
"atdnt51";"23";"False"
"atdnt51";"69";"False"
"atdnt51";"80";"True"
"atdnt51";"119";"False"
"atdnt53";"20";"False"
"atdnt53";"21";"False"
"atdnt53";"23";"False"
"atdnt53";"69";"False"
"atdnt53";"80";"False"
"atdnt53";"119";"False"
"auint105";"20";"False"
"auint105";"21";"False"
"auint105";"23";"False"
"auint105";"69";"False"
"auint105";"80";"True"
"auint105";"119";"False"
"brint60";"20";"False"
"brint60";"21";"False"
"brint60";"23";"False"
"brint60";"69";"False"
"brint60";"80";"True"
"brint60";"119";"False"
"btipdcsvr";"20";"False"
"btipdcsvr";"21";"False"
"btipdcsvr";"23";"False"
"btipdcsvr";"69";"False"
"btipdcsvr";"80";"False"
"btipdcsvr";"119";"False"
"caint13";"20";"False"
"caint13";"21";"False"
"caint13";"23";"False"
"caint13";"69";"False"
"caint13";"80";"True"
"caint13";"119";"False"
"caint1";"20";"False"
"caint1";"21";"False"
"caint1";"23";"False"
"caint1";"69";"False"
"caint1";"80";"False"
"caint1";"119";"False"
"cncatsm01";"20";"False"
"cncatsm01";"21";"False"
"cncatsm01";"23";"False"
"cncatsm01";"69";"False"
"cncatsm01";"80";"False"
"cncatsm01";"119";"False"
"cndnt41";"20";"False"
"cndnt41";"21";"False"
"cndnt41";"23";"False"
"cndnt41";"69";"False"
"cndnt41";"80";"False"
"cndnt41";"119";"False"
"cndnt51";"20";"False"
"cndnt51";"21";"False"
"cndnt51";"23";"False"
"cndnt51";"69";"False"
"cndnt51";"80";"False"
"cndnt51";"119";"False"
"cnint99";"20";"False"
"cnint99";"21";"False"
"cnint99";"23";"False"
"cnint99";"69";"False"
"cnint99";"80";"True"
"cnint99";"119";"False"
"decfs60";"20";"False"
"decfs60";"21";"False"
"decfs60";"23";"False"
"decfs60";"69";"False"
"decfs60";"80";"False"
"decfs60";"119";"False"
"decnt102";"20";"False"
"decnt102";"21";"False"
"decnt102";"23";"False"
"decnt102";"69";"False"
"decnt102";"80";"False"
"decnt102";"119";"False"
"decnt160";"20";"False"
"decnt160";"21";"False"
"decnt160";"23";"False"
"decnt160";"69";"False"
"decnt160";"80";"False"
"decnt160";"119";"False"
"decnt161";"20";"False"
"decnt161";"21";"False"
"decnt161";"23";"False"
"decnt161";"69";"False"
"decnt161";"80";"False"
"decnt161";"119";"False"
"decnt186";"20";"False"
"decnt186";"21";"False"
"decnt186";"23";"False"
"decnt186";"69";"False"
"decnt186";"80";"False"
"decnt186";"119";"False"
"decnt216";"20";"False"
"decnt216";"21";"False"
"decnt216";"23";"False"
"decnt216";"69";"False"
"decnt216";"80";"False"
"decnt216";"119";"False"
"decnt223";"20";"False"
"decnt223";"21";"False"
"decnt223";"23";"False"
"decnt223";"69";"False"
"decnt223";"80";"False"
"decnt223";"119";"False"
"decnt234";"20";"False"
"decnt234";"21";"False"
"decnt234";"23";"False"
"decnt234";"69";"False"
"decnt234";"80";"True"
"decnt234";"119";"False"
"decnt99";"20";"False"
"decnt99";"21";"False"
"decnt99";"23";"False"
"decnt99";"69";"False"
"decnt99";"80";"False"
"decnt99";"119";"False"
"decnt9";"20";"False"
"decnt9";"21";"False"
"decnt9";"23";"False"
"decnt9";"69";"False"
"decnt9";"80";"False"
"decnt9";"119";"False"
"deint102";"20";"False"
"deint102";"21";"False"
"deint102";"23";"False"
"deint102";"69";"False"
"deint102";"80";"False"
"deint102";"119";"False"
"deint103";"20";"False"
"deint103";"21";"False"
"deint103";"23";"False"
"deint103";"69";"False"
"deint103";"80";"False"
"deint103";"119";"False"
"deint116";"20";"False"
"deint116";"21";"False"
"deint116";"23";"False"
"deint116";"69";"False"
"deint116";"80";"False"
"deint116";"119";"False"
"deint12";"20";"False"
"deint12";"21";"False"
"deint12";"23";"False"
"deint12";"69";"False"
"deint12";"80";"False"
"deint12";"119";"False"
"deint163";"20";"False"
"deint163";"21";"False"
"deint163";"23";"False"
"deint163";"69";"False"
"deint163";"80";"False"
"deint163";"119";"False"
"deint165";"20";"False"
"deint165";"21";"False"
"deint165";"23";"False"
"deint165";"69";"False"
"deint165";"80";"False"
"deint165";"119";"False"
"deint172";"20";"False"
"deint172";"21";"False"
"deint172";"23";"False"
"deint172";"69";"False"
"deint172";"80";"False"
"deint172";"119";"False"
"deint179";"20";"False"
"deint179";"21";"False"
"deint179";"23";"False"
"deint179";"69";"False"
"deint179";"80";"False"
"deint179";"119";"False"
"deint183";"20";"False"
"deint183";"21";"False"
"deint183";"23";"False"
"deint183";"69";"False"
"deint183";"80";"False"
"deint183";"119";"False"
"deint184";"20";"False"
"deint184";"21";"False"
"deint184";"23";"False"
"deint184";"69";"False"
"deint184";"80";"False"
"deint184";"119";"False"
"deint185";"20";"False"
"deint185";"21";"False"
"deint185";"23";"False"
"deint185";"69";"False"
"deint185";"80";"False"
"deint185";"119";"False"
"deint192";"20";"False"
"deint192";"21";"False"
"deint192";"23";"False"
"deint192";"69";"False"
"deint192";"80";"False"
"deint192";"119";"False"
"deint194";"20";"False"
"deint194";"21";"False"
"deint194";"23";"False"
"deint194";"69";"False"
"deint194";"80";"True"
"deint194";"119";"False"
"deint195";"20";"False"
"deint195";"21";"False"
"deint195";"23";"False"
"deint195";"69";"False"
"deint195";"80";"False"
"deint195";"119";"False"
"deint203";"20";"False"
"deint203";"21";"False"
"deint203";"23";"False"
"deint203";"69";"False"
"deint203";"80";"False"
"deint203";"119";"False"
"deint208";"20";"False"
"deint208";"21";"False"
"deint208";"23";"False"
"deint208";"69";"False"
"deint208";"80";"True"
"deint208";"119";"False"
"deint211";"20";"False"
"deint211";"21";"False"
"deint211";"23";"False"
"deint211";"69";"False"
"deint211";"80";"False"
"deint211";"119";"False"
"deint212";"20";"False"
"deint212";"21";"False"
"deint212";"23";"False"
"deint212";"69";"False"
"deint212";"80";"False"
"deint212";"119";"False"
"deint215";"20";"False"
"deint215";"21";"False"
"deint215";"23";"False"
"deint215";"69";"False"
"deint215";"80";"False"
"deint215";"119";"False"
"deint216";"20";"False"
"deint216";"21";"False"
"deint216";"23";"False"
"deint216";"69";"False"
"deint216";"80";"False"
"deint216";"119";"False"
"deint218";"20";"False"
"deint218";"21";"False"
"deint218";"23";"False"
"deint218";"69";"False"
"deint218";"80";"False"
"deint218";"119";"False"
"deint219";"20";"False"
"deint219";"21";"False"
"deint219";"23";"False"
"deint219";"69";"False"
"deint219";"80";"False"
"deint219";"119";"False"
"deint220";"20";"False"
"deint220";"21";"False"
"deint220";"23";"False"
"deint220";"69";"False"
"deint220";"80";"True"
"deint220";"119";"False"
"deint221";"20";"False"
"deint221";"21";"False"
"deint221";"23";"False"
"deint221";"69";"False"
"deint221";"80";"False"
"deint221";"119";"False"
"deint226";"20";"False"
"deint226";"21";"False"
"deint226";"23";"False"
"deint226";"69";"False"
"deint226";"80";"False"
"deint226";"119";"False"
"deint228";"20";"False"
"deint228";"21";"False"
"deint228";"23";"False"
"deint228";"69";"False"
"deint228";"80";"True"
"deint228";"119";"False"
"deint229";"20";"False"
"deint229";"21";"False"
"deint229";"23";"False"
"deint229";"69";"False"
"deint229";"80";"True"
"deint229";"119";"False"
"deint230";"20";"False"
"deint230";"21";"False"
"deint230";"23";"False"
"deint230";"69";"False"
"deint230";"80";"False"
"deint230";"119";"False"
"deint231";"20";"False"
"deint231";"21";"False"
"deint231";"23";"False"
"deint231";"69";"False"
"deint231";"80";"False"
"deint231";"119";"False"
"deint236";"20";"False"
"deint236";"21";"False"
"deint236";"23";"False"
"deint236";"69";"False"
"deint236";"80";"False"
"deint236";"119";"False"
"deint237";"20";"False"
"deint237";"21";"False"
"deint237";"23";"False"
"deint237";"69";"False"
"deint237";"80";"False"
"deint237";"119";"False"
"deint238";"20";"False"
"deint238";"21";"False"
"deint238";"23";"False"
"deint238";"69";"False"
"deint238";"80";"True"
"deint238";"119";"False"
"deint23";"20";"False"
"deint23";"21";"False"
"deint23";"23";"False"
"deint23";"69";"False"
"deint23";"80";"False"
"deint23";"119";"False"
"deint240";"20";"False"
"deint240";"21";"False"
"deint240";"23";"False"
"deint240";"69";"False"
"deint240";"80";"False"
"deint240";"119";"False"
"deint241";"20";"False"
"deint241";"21";"False"
"deint241";"23";"False"
"deint241";"69";"False"
"deint241";"80";"False"
"deint241";"119";"False"
"deint242";"20";"False"
"deint242";"21";"False"
"deint242";"23";"False"
"deint242";"69";"False"
"deint242";"80";"False"
"deint242";"119";"False"
"deint244";"20";"False"
"deint244";"21";"False"
"deint244";"23";"False"
"deint244";"69";"False"
"deint244";"80";"True"
"deint244";"119";"False"
"deint246";"20";"False"
"deint246";"21";"False"
"deint246";"23";"False"
"deint246";"69";"False"
"deint246";"80";"False"
"deint246";"119";"False"
"deint249";"20";"False"
"deint249";"21";"False"
"deint249";"23";"False"
"deint249";"69";"False"
"deint249";"80";"False"
"deint249";"119";"False"
"deint250";"20";"False"
"deint250";"21";"False"
"deint250";"23";"False"
"deint250";"69";"False"
"deint250";"80";"False"
"deint250";"119";"False"
"deint251";"20";"False"
"deint251";"21";"False"
"deint251";"23";"False"
"deint251";"69";"False"
"deint251";"80";"False"
"deint251";"119";"False"
"deint252";"20";"False"
"deint252";"21";"False"
"deint252";"23";"False"
"deint252";"69";"False"
"deint252";"80";"False"
"deint252";"119";"False"
"deint253";"20";"False"
"deint253";"21";"False"
"deint253";"23";"False"
"deint253";"69";"False"
"deint253";"80";"False"
"deint253";"119";"False"
"deint255";"20";"False"
"deint255";"21";"False"
"deint255";"23";"False"
"deint255";"69";"False"
"deint255";"80";"False"
"deint255";"119";"False"
"deint256";"20";"False"
"deint256";"21";"False"
"deint256";"23";"False"
"deint256";"69";"False"
"deint256";"80";"True"
"deint256";"119";"False"
"deint258";"20";"False"
"deint258";"21";"False"
"deint258";"23";"False"
"deint258";"69";"False"
"deint258";"80";"False"
"deint258";"119";"False"
"deint259";"20";"False"
"deint259";"21";"False"
"deint259";"23";"False"
"deint259";"69";"False"
"deint259";"80";"True"
"deint259";"119";"False"
"deint261";"20";"False"
"deint261";"21";"False"
"deint261";"23";"False"
"deint261";"69";"False"
"deint261";"80";"False"
"deint261";"119";"False"
"deint267";"20";"False"
"deint267";"21";"False"
"deint267";"23";"False"
"deint267";"69";"False"
"deint267";"80";"False"
"deint267";"119";"False"
"deint270";"20";"False"
"deint270";"21";"False"
"deint270";"23";"False"
"deint270";"69";"False"
"deint270";"80";"True"
"deint270";"119";"False"
"deint271";"20";"False"
"deint271";"21";"False"
"deint271";"23";"False"
"deint271";"69";"False"
"deint271";"80";"True"
"deint271";"119";"False"
"deint274";"20";"False"
"deint274";"21";"False"
"deint274";"23";"False"
"deint274";"69";"False"
"deint274";"80";"True"
"deint274";"119";"False"
"deint275";"20";"False"
"deint275";"21";"False"
"deint275";"23";"False"
"deint275";"69";"False"
"deint275";"80";"True"
"deint275";"119";"False"
"deint284";"20";"False"
"deint284";"21";"False"
"deint284";"23";"False"
"deint284";"69";"False"
"deint284";"80";"False"
"deint284";"119";"False"
"deint287";"20";"False"
"deint287";"21";"False"
"deint287";"23";"False"
"deint287";"69";"False"
"deint287";"80";"True"
"deint287";"119";"False"
"deint288";"20";"False"
"deint288";"21";"False"
"deint288";"23";"False"
"deint288";"69";"False"
"deint288";"80";"True"
"deint288";"119";"False"
"deint289";"20";"False"
"deint289";"21";"False"
"deint289";"23";"False"
"deint289";"69";"False"
"deint289";"80";"True"
"deint289";"119";"False"
"deint300";"20";"False"
"deint300";"21";"False"
"deint300";"23";"False"
"deint300";"69";"False"
"deint300";"80";"True"
"deint300";"119";"False"
"deint301";"20";"False"
"deint301";"21";"False"
"deint301";"23";"False"
"deint301";"69";"False"
"deint301";"80";"True"
"deint301";"119";"False"
"deint302";"20";"False"
"deint302";"21";"False"
"deint302";"23";"False"
"deint302";"69";"False"
"deint302";"80";"False"
"deint302";"119";"False"
"deint305";"20";"False"
"deint305";"21";"False"
"deint305";"23";"False"
"deint305";"69";"False"
"deint305";"80";"False"
"deint305";"119";"False"
"deint310";"20";"False"
"deint310";"21";"False"
"deint310";"23";"False"
"deint310";"69";"False"
"deint310";"80";"False"
"deint310";"119";"False"
"deint316";"20";"False"
"deint316";"21";"False"
"deint316";"23";"False"
"deint316";"69";"False"
"deint316";"80";"False"
"deint316";"119";"False"
"deint319";"20";"False"
"deint319";"21";"False"
"deint319";"23";"False"
"deint319";"69";"False"
"deint319";"80";"False"
"deint319";"119";"False"
"deint320";"20";"False"
"deint320";"21";"False"
"deint320";"23";"False"
"deint320";"69";"False"
"deint320";"80";"False"
"deint320";"119";"False"
"deint321";"20";"False"
"deint321";"21";"False"
"deint321";"23";"False"
"deint321";"69";"False"
"deint321";"80";"False"
"deint321";"119";"False"
"deint322";"20";"False"
"deint322";"21";"False"
"deint322";"23";"False"
"deint322";"69";"False"
"deint322";"80";"True"
"deint322";"119";"False"
"deint325";"20";"False"
"deint325";"21";"False"
"deint325";"23";"False"
"deint325";"69";"False"
"deint325";"80";"False"
"deint325";"119";"False"
"deint326";"20";"False"
"deint326";"21";"False"
"deint326";"23";"False"
"deint326";"69";"False"
"deint326";"80";"False"
"deint326";"119";"False"
"deint327";"20";"False"
"deint327";"21";"False"
"deint327";"23";"False"
"deint327";"69";"False"
"deint327";"80";"False"
"deint327";"119";"False"
"deint328";"20";"False"
"deint328";"21";"False"
"deint328";"23";"False"
"deint328";"69";"False"
"deint328";"80";"True"
"deint328";"119";"False"
"deint329";"20";"False"
"deint329";"21";"False"
"deint329";"23";"False"
"deint329";"69";"False"
"deint329";"80";"True"
"deint329";"119";"False"
"deint330";"20";"False"
"deint330";"21";"False"
"deint330";"23";"False"
"deint330";"69";"False"
"deint330";"80";"True"
"deint330";"119";"False"
"deint331";"20";"False"
"deint331";"21";"False"
"deint331";"23";"False"
"deint331";"69";"False"
"deint331";"80";"False"
"deint331";"119";"False"
"deint332";"20";"False"
"deint332";"21";"False"
"deint332";"23";"False"
"deint332";"69";"False"
"deint332";"80";"False"
"deint332";"119";"False"
"deint333";"20";"False"
"deint333";"21";"False"
"deint333";"23";"False"
"deint333";"69";"False"
"deint333";"80";"False"
"deint333";"119";"False"
"deint335";"20";"False"
"deint335";"21";"False"
"deint335";"23";"False"
"deint335";"69";"False"
"deint335";"80";"False"
"deint335";"119";"False"
"deint336";"20";"False"
"deint336";"21";"False"
"deint336";"23";"False"
"deint336";"69";"False"
"deint336";"80";"False"
"deint336";"119";"False"
"deint337";"20";"False"
"deint337";"21";"False"
"deint337";"23";"False"
"deint337";"69";"False"
"deint337";"80";"False"
"deint337";"119";"False"
"deint59";"20";"False"
"deint59";"21";"False"
"deint59";"23";"False"
"deint59";"69";"False"
"deint59";"80";"False"
"deint59";"119";"False"
"deint60";"20";"False"
"deint60";"21";"False"
"deint60";"23";"False"
"deint60";"69";"False"
"deint60";"80";"False"
"deint60";"119";"False"
"deint62";"20";"False"
"deint62";"21";"True"
"deint62";"23";"False"
"deint62";"69";"False"
"deint62";"80";"True"
"deint62";"119";"False"
"fidlns2";"20";"False"
"fidlns2";"21";"False"
"fidlns2";"23";"False"
"fidlns2";"69";"False"
"fidlns2";"80";"True"
"fidlns2";"119";"False"
"fiint11";"20";"False"
"fiint11";"21";"False"
"fiint11";"23";"False"
"fiint11";"69";"False"
"fiint11";"80";"True"
"fiint11";"119";"False"
"frdnt54";"20";"False"
"frdnt54";"21";"False"
"frdnt54";"23";"False"
"frdnt54";"69";"False"
"frdnt54";"80";"False"
"frdnt54";"119";"False"
"frdnt59";"20";"False"
"frdnt59";"21";"False"
"frdnt59";"23";"False"
"frdnt59";"69";"False"
"frdnt59";"80";"False"
"frdnt59";"119";"False"
"frdnt60";"20";"False"
"frdnt60";"21";"False"
"frdnt60";"23";"False"
"frdnt60";"69";"False"
"frdnt60";"80";"True"
"frdnt60";"119";"False"
"frint17";"20";"False"
"frint17";"21";"False"
"frint17";"23";"False"
"frint17";"69";"False"
"frint17";"80";"False"
"frint17";"119";"False"
"frint34";"20";"False"
"frint34";"21";"False"
"frint34";"23";"False"
"frint34";"69";"False"
"frint34";"80";"False"
"frint34";"119";"False"
"frint36";"20";"False"
"frint36";"21";"False"
"frint36";"23";"False"
"frint36";"69";"False"
"frint36";"80";"True"
"frint36";"119";"False"
"frint37";"20";"False"
"frint37";"21";"False"
"frint37";"23";"False"
"frint37";"69";"False"
"frint37";"80";"False"
"frint37";"119";"False"
"frint38";"20";"False"
"frint38";"21";"False"
"frint38";"23";"False"
"frint38";"69";"False"
"frint38";"80";"False"
"frint38";"119";"False"
"frint40";"20";"False"
"frint40";"21";"False"
"frint40";"23";"False"
"frint40";"69";"False"
"frint40";"80";"False"
"frint40";"119";"False"
"frint42";"20";"False"
"frint42";"21";"False"
"frint42";"23";"False"
"frint42";"69";"False"
"frint42";"80";"True"
"frint42";"119";"False"
"frint43";"20";"False"
"frint43";"21";"False"
"frint43";"23";"False"
"frint43";"69";"False"
"frint43";"80";"False"
"frint43";"119";"False"
"frint44";"20";"False"
"frint44";"21";"False"
"frint44";"23";"False"
"frint44";"69";"False"
"frint44";"80";"False"
"frint44";"119";"False"
"frint49";"20";"False"
"frint49";"21";"False"
"frint49";"23";"False"
"frint49";"69";"False"
"frint49";"80";"False"
"frint49";"119";"False"
"frint50";"20";"False"
"frint50";"21";"False"
"frint50";"23";"False"
"frint50";"69";"False"
"frint50";"80";"True"
"frint50";"119";"False"
"frint51";"20";"False"
"frint51";"21";"True"
"frint51";"23";"False"
"frint51";"69";"False"
"frint51";"80";"True"
"frint51";"119";"False"
"frint53";"20";"False"
"frint53";"21";"False"
"frint53";"23";"False"
"frint53";"69";"False"
"frint53";"80";"True"
"frint53";"119";"False"
"frint54";"20";"False"
"frint54";"21";"False"
"frint54";"23";"False"
"frint54";"69";"False"
"frint54";"80";"True"
"frint54";"119";"False"
"frint55";"20";"False"
"frint55";"21";"False"
"frint55";"23";"False"
"frint55";"69";"False"
"frint55";"80";"True"
"frint55";"119";"False"
"frint58";"20";"False"
"frint58";"21";"False"
"frint58";"23";"False"
"frint58";"69";"False"
"frint58";"80";"False"
"frint58";"119";"False"
"frint59";"20";"False"
"frint59";"21";"False"
"frint59";"23";"False"
"frint59";"69";"False"
"frint59";"80";"False"
"frint59";"119";"False"
"frtnt5";"20";"False"
"frtnt5";"21";"True"
"frtnt5";"23";"False"
"frtnt5";"69";"False"
"frtnt5";"80";"False"
"frtnt5";"119";"False"
"gbdnt74";"20";"False"
"gbdnt74";"21";"True"
"gbdnt74";"23";"False"
"gbdnt74";"69";"False"
"gbdnt74";"80";"True"
"gbdnt74";"119";"False"
"gbint04";"20";"False"
"gbint04";"21";"False"
"gbint04";"23";"False"
"gbint04";"69";"False"
"gbint04";"80";"True"
"gbint04";"119";"False"
"gbint14";"20";"False"
"gbint14";"21";"False"
"gbint14";"23";"False"
"gbint14";"69";"False"
"gbint14";"80";"False"
"gbint14";"119";"False"
"gbint17";"20";"False"
"gbint17";"21";"False"
"gbint17";"23";"False"
"gbint17";"69";"False"
"gbint17";"80";"True"
"gbint17";"119";"False"
"gbint3";"20";"False"
"gbint3";"21";"False"
"gbint3";"23";"False"
"gbint3";"69";"False"
"gbint3";"80";"True"
"gbint3";"119";"False"
"indlns2";"20";"False"
"indlns2";"21";"False"
"indlns2";"23";"False"
"indlns2";"69";"False"
"indlns2";"80";"True"
"indlns2";"119";"False"
"indnt67";"20";"False"
"indnt67";"21";"False"
"indnt67";"23";"False"
"indnt67";"69";"False"
"indnt67";"80";"False"
"indnt67";"119";"False"
"indnt76";"20";"False"
"indnt76";"21";"False"
"indnt76";"23";"False"
"indnt76";"69";"False"
"indnt76";"80";"False"
"indnt76";"119";"False"
"inint1";"20";"False"
"inint1";"21";"False"
"inint1";"23";"False"
"inint1";"69";"False"
"inint1";"80";"True"
"inint1";"119";"False"
"inint2";"20";"False"
"inint2";"21";"False"
"inint2";"23";"False"
"inint2";"69";"False"
"inint2";"80";"False"
"inint2";"119";"False"
"inint31";"20";"False"
"inint31";"21";"False"
"inint31";"23";"False"
"inint31";"69";"False"
"inint31";"80";"True"
"inint31";"119";"False"
"inint79";"20";"False"
"inint79";"21";"False"
"inint79";"23";"False"
"inint79";"69";"False"
"inint79";"80";"False"
"inint79";"119";"False"
"inint80";"20";"False"
"inint80";"21";"False"
"inint80";"23";"False"
"inint80";"69";"False"
"inint80";"80";"True"
"inint80";"119";"False"
"inint84";"20";"False"
"inint84";"21";"False"
"inint84";"23";"False"
"inint84";"69";"False"
"inint84";"80";"False"
"inint84";"119";"False"
"inint89";"20";"False"
"inint89";"21";"False"
"inint89";"23";"False"
"inint89";"69";"False"
"inint89";"80";"False"
"inint89";"119";"False"
"jpdnt30";"20";"False"
"jpdnt30";"21";"True"
"jpdnt30";"23";"False"
"jpdnt30";"69";"False"
"jpdnt30";"80";"True"
"jpdnt30";"119";"False"
"myint1";"20";"False"
"myint1";"21";"False"
"myint1";"23";"False"
"myint1";"69";"False"
"myint1";"80";"False"
"myint1";"119";"False"
"nldhnt85";"20";"False"
"nldhnt85";"21";"False"
"nldhnt85";"23";"False"
"nldhnt85";"69";"False"
"nldhnt85";"80";"False"
"nldhnt85";"119";"False"
"nldhnt86";"20";"False"
"nldhnt86";"21";"True"
"nldhnt86";"23";"False"
"nldhnt86";"69";"False"
"nldhnt86";"80";"True"
"nldhnt86";"119";"False"
"nldhnt87";"20";"False"
"nldhnt87";"21";"False"
"nldhnt87";"23";"False"
"nldhnt87";"69";"False"
"nldhnt87";"80";"False"
"nldhnt87";"119";"False"
"nldhnt88";"20";"False"
"nldhnt88";"21";"False"
"nldhnt88";"23";"False"
"nldhnt88";"69";"False"
"nldhnt88";"80";"False"
"nldhnt88";"119";"False"
"nldhnt89";"20";"False"
"nldhnt89";"21";"False"
"nldhnt89";"23";"False"
"nldhnt89";"69";"False"
"nldhnt89";"80";"False"
"nldhnt89";"119";"False"
"noint6";"20";"False"
"noint6";"21";"False"
"noint6";"23";"False"
"noint6";"69";"False"
"noint6";"80";"True"
"noint6";"119";"False"
"noint8";"20";"False"
"noint8";"21";"False"
"noint8";"23";"False"
"noint8";"69";"False"
"noint8";"80";"True"
"noint8";"119";"False"
"plbnt02";"20";"False"
"plbnt02";"21";"False"
"plbnt02";"23";"False"
"plbnt02";"69";"False"
"plbnt02";"80";"False"
"plbnt02";"119";"False"
"plint12";"20";"False"
"plint12";"21";"False"
"plint12";"23";"False"
"plint12";"69";"False"
"plint12";"80";"False"
"plint12";"119";"False"
"plint1";"20";"False"
"plint1";"21";"False"
"plint1";"23";"False"
"plint1";"69";"False"
"plint1";"80";"True"
"plint1";"119";"False"
"plint8";"20";"False"
"plint8";"21";"False"
"plint8";"23";"False"
"plint8";"69";"False"
"plint8";"80";"True"
"plint8";"119";"False"
"plint9";"20";"False"
"plint9";"21";"False"
"plint9";"23";"False"
"plint9";"69";"False"
"plint9";"80";"True"
"plint9";"119";"False"
"rudnt12";"20";"False"
"rudnt12";"21";"False"
"rudnt12";"23";"False"
"rudnt12";"69";"False"
"rudnt12";"80";"False"
"rudnt12";"119";"False"
"se01pnm01ir01wm";"20";"False"
"se01pnm01ir01wm";"21";"False"
"se01pnm01ir01wm";"23";"False"
"se01pnm01ir01wm";"69";"False"
"se01pnm01ir01wm";"80";"False"
"se01pnm01ir01wm";"119";"False"
"secnt75";"20";"False"
"secnt75";"21";"False"
"secnt75";"23";"False"
"secnt75";"69";"False"
"secnt75";"80";"False"
"secnt75";"119";"False"
"sedlns14";"20";"False"
"sedlns14";"21";"False"
"sedlns14";"23";"False"
"sedlns14";"69";"False"
"sedlns14";"80";"True"
"sedlns14";"119";"False"
"sedlns22";"20";"False"
"sedlns22";"21";"False"
"sedlns22";"23";"False"
"sedlns22";"69";"False"
"sedlns22";"80";"True"
"sedlns22";"119";"False"
"sedlns23";"20";"False"
"sedlns23";"21";"False"
"sedlns23";"23";"False"
"sedlns23";"69";"False"
"sedlns23";"80";"True"
"sedlns23";"119";"False"
"sedlns28";"20";"False"
"sedlns28";"21";"False"
"sedlns28";"23";"False"
"sedlns28";"69";"False"
"sedlns28";"80";"True"
"sedlns28";"119";"False"
"sedlns33";"20";"False"
"sedlns33";"21";"False"
"sedlns33";"23";"False"
"sedlns33";"69";"False"
"sedlns33";"80";"True"
"sedlns33";"119";"False"
"sedlns40";"20";"False"
"sedlns40";"21";"False"
"sedlns40";"23";"False"
"sedlns40";"69";"False"
"sedlns40";"80";"True"
"sedlns40";"119";"False"
"sedlns53";"20";"False"
"sedlns53";"21";"False"
"sedlns53";"23";"False"
"sedlns53";"69";"False"
"sedlns53";"80";"True"
"sedlns53";"119";"False"
"sedlns57";"20";"False"
"sedlns57";"21";"False"
"sedlns57";"23";"False"
"sedlns57";"69";"False"
"sedlns57";"80";"True"
"sedlns57";"119";"False"
"sedlns70";"20";"False"
"sedlns70";"21";"False"
"sedlns70";"23";"False"
"sedlns70";"69";"False"
"sedlns70";"80";"True"
"sedlns70";"119";"False"
"sedlns90";"20";"False"
"sedlns90";"21";"False"
"sedlns90";"23";"False"
"sedlns90";"69";"False"
"sedlns90";"80";"True"
"sedlns90";"119";"False"
"sedlns94";"20";"False"
"sedlns94";"21";"False"
"sedlns94";"23";"False"
"sedlns94";"69";"False"
"sedlns94";"80";"True"
"sedlns94";"119";"False"
"sedlns97";"20";"False"
"sedlns97";"21";"False"
"sedlns97";"23";"False"
"sedlns97";"69";"False"
"sedlns97";"80";"True"
"sedlns97";"119";"False"
"sedlns98";"20";"False"
"sedlns98";"21";"False"
"sedlns98";"23";"False"
"sedlns98";"69";"False"
"sedlns98";"80";"False"
"sedlns98";"119";"False"
"sednt1065";"20";"False"
"sednt1065";"21";"False"
"sednt1065";"23";"False"
"sednt1065";"69";"False"
"sednt1065";"80";"True"
"sednt1065";"119";"False"
"sednt1067";"20";"False"
"sednt1067";"21";"False"
"sednt1067";"23";"False"
"sednt1067";"69";"False"
"sednt1067";"80";"True"
"sednt1067";"119";"False"
"sednt1068";"20";"False"
"sednt1068";"21";"False"
"sednt1068";"23";"False"
"sednt1068";"69";"False"
"sednt1068";"80";"True"
"sednt1068";"119";"False"
"sednt1301";"20";"False"
"sednt1301";"21";"False"
"sednt1301";"23";"False"
"sednt1301";"69";"False"
"sednt1301";"80";"True"
"sednt1301";"119";"False"
"sednt1357";"20";"False"
"sednt1357";"21";"False"
"sednt1357";"23";"False"
"sednt1357";"69";"False"
"sednt1357";"80";"False"
"sednt1357";"119";"False"
"sednt1656";"20";"False"
"sednt1656";"21";"False"
"sednt1656";"23";"False"
"sednt1656";"69";"False"
"sednt1656";"80";"True"
"sednt1656";"119";"False"
"sednt1657";"20";"False"
"sednt1657";"21";"False"
"sednt1657";"23";"False"
"sednt1657";"69";"False"
"sednt1657";"80";"True"
"sednt1657";"119";"False"
"sednt1711";"20";"False"
"sednt1711";"21";"False"
"sednt1711";"23";"False"
"sednt1711";"69";"False"
"sednt1711";"80";"False"
"sednt1711";"119";"False"
"sednt1806";"20";"False"
"sednt1806";"21";"False"
"sednt1806";"23";"False"
"sednt1806";"69";"False"
"sednt1806";"80";"True"
"sednt1806";"119";"False"
"sednt1866";"20";"False"
"sednt1866";"21";"False"
"sednt1866";"23";"False"
"sednt1866";"69";"False"
"sednt1866";"80";"False"
"sednt1866";"119";"False"
"sednt2120";"20";"False"
"sednt2120";"21";"False"
"sednt2120";"23";"False"
"sednt2120";"69";"False"
"sednt2120";"80";"False"
"sednt2120";"119";"False"
"sednt2278";"20";"False"
"sednt2278";"21";"False"
"sednt2278";"23";"False"
"sednt2278";"69";"False"
"sednt2278";"80";"True"
"sednt2278";"119";"False"
"sednt2337";"20";"False"
"sednt2337";"21";"False"
"sednt2337";"23";"False"
"sednt2337";"69";"False"
"sednt2337";"80";"True"
"sednt2337";"119";"False"
"sednt2338";"20";"False"
"sednt2338";"21";"False"
"sednt2338";"23";"False"
"sednt2338";"69";"False"
"sednt2338";"80";"True"
"sednt2338";"119";"False"
"sednt2419";"20";"False"
"sednt2419";"21";"False"
"sednt2419";"23";"False"
"sednt2419";"69";"False"
"sednt2419";"80";"False"
"sednt2419";"119";"False"
"sednt2420";"20";"False"
"sednt2420";"21";"False"
"sednt2420";"23";"False"
"sednt2420";"69";"False"
"sednt2420";"80";"True"
"sednt2420";"119";"False"
"sednt2421";"20";"False"
"sednt2421";"21";"True"
"sednt2421";"23";"False"
"sednt2421";"69";"False"
"sednt2421";"80";"True"
"sednt2421";"119";"False"
"sednt2430";"20";"False"
"sednt2430";"21";"False"
"sednt2430";"23";"False"
"sednt2430";"69";"False"
"sednt2430";"80";"False"
"sednt2430";"119";"False"
"sednt2444";"20";"False"
"sednt2444";"21";"False"
"sednt2444";"23";"False"
"sednt2444";"69";"False"
"sednt2444";"80";"True"
"sednt2444";"119";"False"
"sednt2466";"20";"False"
"sednt2466";"21";"False"
"sednt2466";"23";"False"
"sednt2466";"69";"False"
"sednt2466";"80";"False"
"sednt2466";"119";"False"
"sednt2467";"20";"False"
"sednt2467";"21";"False"
"sednt2467";"23";"False"
"sednt2467";"69";"False"
"sednt2467";"80";"True"
"sednt2467";"119";"False"
"sednt2468";"20";"False"
"sednt2468";"21";"False"
"sednt2468";"23";"False"
"sednt2468";"69";"False"
"sednt2468";"80";"True"
"sednt2468";"119";"False"
"sednt2469";"20";"False"
"sednt2469";"21";"False"
"sednt2469";"23";"False"
"sednt2469";"69";"False"
"sednt2469";"80";"True"
"sednt2469";"119";"False"
"sednt2490";"20";"False"
"sednt2490";"21";"True"
"sednt2490";"23";"False"
"sednt2490";"69";"False"
"sednt2490";"80";"False"
"sednt2490";"119";"False"
"sednt2567";"20";"False"
"sednt2567";"21";"False"
"sednt2567";"23";"False"
"sednt2567";"69";"False"
"sednt2567";"80";"True"
"sednt2567";"119";"False"
"sednt2617";"20";"False"
"sednt2617";"21";"False"
"sednt2617";"23";"False"
"sednt2617";"69";"False"
"sednt2617";"80";"True"
"sednt2617";"119";"False"
"sednt2867";"20";"False"
"sednt2867";"21";"False"
"sednt2867";"23";"False"
"sednt2867";"69";"False"
"sednt2867";"80";"False"
"sednt2867";"119";"False"
"sednt489";"20";"False"
"sednt489";"21";"False"
"sednt489";"23";"False"
"sednt489";"69";"False"
"sednt489";"80";"True"
"sednt489";"119";"False"
"seint1067";"20";"False"
"seint1067";"21";"False"
"seint1067";"23";"False"
"seint1067";"69";"False"
"seint1067";"80";"False"
"seint1067";"119";"False"
"seint1068";"20";"False"
"seint1068";"21";"False"
"seint1068";"23";"False"
"seint1068";"69";"False"
"seint1068";"80";"True"
"seint1068";"119";"False"
"seint1162";"20";"False"
"seint1162";"21";"False"
"seint1162";"23";"False"
"seint1162";"69";"False"
"seint1162";"80";"False"
"seint1162";"119";"False"
"seint1163";"20";"False"
"seint1163";"21";"True"
"seint1163";"23";"False"
"seint1163";"69";"False"
"seint1163";"80";"True"
"seint1163";"119";"False"
"seint1176";"20";"False"
"seint1176";"21";"False"
"seint1176";"23";"False"
"seint1176";"69";"False"
"seint1176";"80";"True"
"seint1176";"119";"False"
"seint1182";"20";"False"
"seint1182";"21";"False"
"seint1182";"23";"False"
"seint1182";"69";"False"
"seint1182";"80";"False"
"seint1182";"119";"False"
"seint1183";"20";"False"
"seint1183";"21";"False"
"seint1183";"23";"False"
"seint1183";"69";"False"
"seint1183";"80";"False"
"seint1183";"119";"False"
"seint1215";"20";"False"
"seint1215";"21";"False"
"seint1215";"23";"False"
"seint1215";"69";"False"
"seint1215";"80";"False"
"seint1215";"119";"False"
"seint1219";"20";"False"
"seint1219";"21";"False"
"seint1219";"23";"False"
"seint1219";"69";"False"
"seint1219";"80";"True"
"seint1219";"119";"False"
"seint1220";"20";"False"
"seint1220";"21";"False"
"seint1220";"23";"False"
"seint1220";"69";"False"
"seint1220";"80";"True"
"seint1220";"119";"False"
"seint1221";"20";"False"
"seint1221";"21";"False"
"seint1221";"23";"False"
"seint1221";"69";"False"
"seint1221";"80";"False"
"seint1221";"119";"False"
"seint1230";"20";"False"
"seint1230";"21";"False"
"seint1230";"23";"False"
"seint1230";"69";"False"
"seint1230";"80";"False"
"seint1230";"119";"False"
"seint1233";"20";"False"
"seint1233";"21";"False"
"seint1233";"23";"False"
"seint1233";"69";"False"
"seint1233";"80";"True"
"seint1233";"119";"False"
"seint1234";"20";"False"
"seint1234";"21";"False"
"seint1234";"23";"False"
"seint1234";"69";"False"
"seint1234";"80";"True"
"seint1234";"119";"False"
"seint1237";"20";"False"
"seint1237";"21";"False"
"seint1237";"23";"False"
"seint1237";"69";"False"
"seint1237";"80";"True"
"seint1237";"119";"False"
"seint1239";"20";"False"
"seint1239";"21";"False"
"seint1239";"23";"False"
"seint1239";"69";"False"
"seint1239";"80";"True"
"seint1239";"119";"False"
"seint1503";"20";"False"
"seint1503";"21";"False"
"seint1503";"23";"False"
"seint1503";"69";"False"
"seint1503";"80";"True"
"seint1503";"119";"False"
"seint1505";"20";"False"
"seint1505";"21";"False"
"seint1505";"23";"False"
"seint1505";"69";"False"
"seint1505";"80";"False"
"seint1505";"119";"False"
"seint1506";"20";"False"
"seint1506";"21";"False"
"seint1506";"23";"False"
"seint1506";"69";"False"
"seint1506";"80";"True"
"seint1506";"119";"False"
"seint1508";"20";"False"
"seint1508";"21";"False"
"seint1508";"23";"False"
"seint1508";"69";"False"
"seint1508";"80";"False"
"seint1508";"119";"False"
"seint1547";"20";"False"
"seint1547";"21";"False"
"seint1547";"23";"False"
"seint1547";"69";"False"
"seint1547";"80";"True"
"seint1547";"119";"False"
"seint1565";"20";"False"
"seint1565";"21";"False"
"seint1565";"23";"False"
"seint1565";"69";"False"
"seint1565";"80";"False"
"seint1565";"119";"False"
"seint1571";"20";"False"
"seint1571";"21";"False"
"seint1571";"23";"False"
"seint1571";"69";"False"
"seint1571";"80";"False"
"seint1571";"119";"False"
"seint1573";"20";"False"
"seint1573";"21";"False"
"seint1573";"23";"False"
"seint1573";"69";"False"
"seint1573";"80";"False"
"seint1573";"119";"False"
"seint1574";"20";"False"
"seint1574";"21";"False"
"seint1574";"23";"False"
"seint1574";"69";"False"
"seint1574";"80";"False"
"seint1574";"119";"False"
"seint1732";"20";"False"
"seint1732";"21";"False"
"seint1732";"23";"False"
"seint1732";"69";"False"
"seint1732";"80";"False"
"seint1732";"119";"False"
"seint1743";"20";"False"
"seint1743";"21";"False"
"seint1743";"23";"False"
"seint1743";"69";"False"
"seint1743";"80";"False"
"seint1743";"119";"False"
"seint1749";"20";"False"
"seint1749";"21";"False"
"seint1749";"23";"False"
"seint1749";"69";"False"
"seint1749";"80";"True"
"seint1749";"119";"False"
"seint1750";"20";"False"
"seint1750";"21";"False"
"seint1750";"23";"False"
"seint1750";"69";"False"
"seint1750";"80";"False"
"seint1750";"119";"False"
"seint1819";"20";"False"
"seint1819";"21";"False"
"seint1819";"23";"False"
"seint1819";"69";"False"
"seint1819";"80";"False"
"seint1819";"119";"True"
"seint1821";"20";"False"
"seint1821";"21";"False"
"seint1821";"23";"False"
"seint1821";"69";"False"
"seint1821";"80";"False"
"seint1821";"119";"False"
"seint1849";"20";"False"
"seint1849";"21";"False"
"seint1849";"23";"False"
"seint1849";"69";"False"
"seint1849";"80";"True"
"seint1849";"119";"False"
"seint1850";"20";"False"
"seint1850";"21";"False"
"seint1850";"23";"False"
"seint1850";"69";"False"
"seint1850";"80";"True"
"seint1850";"119";"False"
"seint1851";"20";"False"
"seint1851";"21";"False"
"seint1851";"23";"False"
"seint1851";"69";"False"
"seint1851";"80";"True"
"seint1851";"119";"False"
"seint1852";"20";"False"
"seint1852";"21";"False"
"seint1852";"23";"False"
"seint1852";"69";"False"
"seint1852";"80";"True"
"seint1852";"119";"False"
"seint1856";"20";"False"
"seint1856";"21";"False"
"seint1856";"23";"False"
"seint1856";"69";"False"
"seint1856";"80";"True"
"seint1856";"119";"False"
"seint1858";"20";"False"
"seint1858";"21";"False"
"seint1858";"23";"False"
"seint1858";"69";"False"
"seint1858";"80";"True"
"seint1858";"119";"False"
"seint1859";"20";"False"
"seint1859";"21";"False"
"seint1859";"23";"False"
"seint1859";"69";"False"
"seint1859";"80";"True"
"seint1859";"119";"False"
"seint1860";"20";"False"
"seint1860";"21";"False"
"seint1860";"23";"False"
"seint1860";"69";"False"
"seint1860";"80";"True"
"seint1860";"119";"False"
"seint1861";"20";"False"
"seint1861";"21";"False"
"seint1861";"23";"False"
"seint1861";"69";"False"
"seint1861";"80";"True"
"seint1861";"119";"False"
"seint1896";"20";"False"
"seint1896";"21";"False"
"seint1896";"23";"False"
"seint1896";"69";"False"
"seint1896";"80";"True"
"seint1896";"119";"False"
"seint1898";"20";"False"
"seint1898";"21";"False"
"seint1898";"23";"False"
"seint1898";"69";"False"
"seint1898";"80";"False"
"seint1898";"119";"False"
"seint1899";"20";"False"
"seint1899";"21";"False"
"seint1899";"23";"False"
"seint1899";"69";"False"
"seint1899";"80";"True"
"seint1899";"119";"False"
"seint1958";"20";"False"
"seint1958";"21";"False"
"seint1958";"23";"False"
"seint1958";"69";"False"
"seint1958";"80";"False"
"seint1958";"119";"False"
"seint1960";"20";"False"
"seint1960";"21";"False"
"seint1960";"23";"False"
"seint1960";"69";"False"
"seint1960";"80";"False"
"seint1960";"119";"False"
"seint1963";"20";"False"
"seint1963";"21";"False"
"seint1963";"23";"False"
"seint1963";"69";"False"
"seint1963";"80";"False"
"seint1963";"119";"False"
"seint1964";"20";"False"
"seint1964";"21";"False"
"seint1964";"23";"False"
"seint1964";"69";"False"
"seint1964";"80";"False"
"seint1964";"119";"False"
"seint1965";"20";"False"
"seint1965";"21";"False"
"seint1965";"23";"False"
"seint1965";"69";"False"
"seint1965";"80";"True"
"seint1965";"119";"False"
"seint1966";"20";"False"
"seint1966";"21";"False"
"seint1966";"23";"False"
"seint1966";"69";"False"
"seint1966";"80";"False"
"seint1966";"119";"False"
"seint1967";"20";"False"
"seint1967";"21";"False"
"seint1967";"23";"False"
"seint1967";"69";"False"
"seint1967";"80";"True"
"seint1967";"119";"False"
"seint1968";"20";"False"
"seint1968";"21";"False"
"seint1968";"23";"False"
"seint1968";"69";"False"
"seint1968";"80";"False"
"seint1968";"119";"False"
"seint1969";"20";"False"
"seint1969";"21";"False"
"seint1969";"23";"False"
"seint1969";"69";"False"
"seint1969";"80";"False"
"seint1969";"119";"False"
"seint1970";"20";"False"
"seint1970";"21";"False"
"seint1970";"23";"False"
"seint1970";"69";"False"
"seint1970";"80";"False"
"seint1970";"119";"False"
"seint1974";"20";"False"
"seint1974";"21";"False"
"seint1974";"23";"False"
"seint1974";"69";"False"
"seint1974";"80";"True"
"seint1974";"119";"False"
"seint1975";"20";"False"
"seint1975";"21";"False"
"seint1975";"23";"False"
"seint1975";"69";"False"
"seint1975";"80";"False"
"seint1975";"119";"False"
"seint1976";"20";"False"
"seint1976";"21";"False"
"seint1976";"23";"False"
"seint1976";"69";"False"
"seint1976";"80";"False"
"seint1976";"119";"False"
"seint1978";"20";"False"
"seint1978";"21";"False"
"seint1978";"23";"False"
"seint1978";"69";"False"
"seint1978";"80";"True"
"seint1978";"119";"False"
"seint1979";"20";"False"
"seint1979";"21";"False"
"seint1979";"23";"False"
"seint1979";"69";"False"
"seint1979";"80";"False"
"seint1979";"119";"False"
"seint1980";"20";"False"
"seint1980";"21";"False"
"seint1980";"23";"False"
"seint1980";"69";"False"
"seint1980";"80";"False"
"seint1980";"119";"False"
"seint1984";"20";"False"
"seint1984";"21";"True"
"seint1984";"23";"False"
"seint1984";"69";"False"
"seint1984";"80";"True"
"seint1984";"119";"False"
"seint1985";"20";"False"
"seint1985";"21";"False"
"seint1985";"23";"False"
"seint1985";"69";"False"
"seint1985";"80";"True"
"seint1985";"119";"False"
"seint1986";"20";"False"
"seint1986";"21";"False"
"seint1986";"23";"False"
"seint1986";"69";"False"
"seint1986";"80";"True"
"seint1986";"119";"False"
"seint1988";"20";"False"
"seint1988";"21";"False"
"seint1988";"23";"False"
"seint1988";"69";"False"
"seint1988";"80";"False"
"seint1988";"119";"False"
"seint1991";"20";"False"
"seint1991";"21";"False"
"seint1991";"23";"False"
"seint1991";"69";"False"
"seint1991";"80";"False"
"seint1991";"119";"False"
"seint1995";"20";"False"
"seint1995";"21";"False"
"seint1995";"23";"False"
"seint1995";"69";"False"
"seint1995";"80";"True"
"seint1995";"119";"False"
"seint1996";"20";"False"
"seint1996";"21";"False"
"seint1996";"23";"False"
"seint1996";"69";"False"
"seint1996";"80";"False"
"seint1996";"119";"False"
"seint1999";"20";"False"
"seint1999";"21";"False"
"seint1999";"23";"False"
"seint1999";"69";"False"
"seint1999";"80";"False"
"seint1999";"119";"False"
"seint2000";"20";"False"
"seint2000";"21";"False"
"seint2000";"23";"False"
"seint2000";"69";"False"
"seint2000";"80";"False"
"seint2000";"119";"False"
"seint2005";"20";"False"
"seint2005";"21";"False"
"seint2005";"23";"False"
"seint2005";"69";"False"
"seint2005";"80";"False"
"seint2005";"119";"False"
"seint2018";"20";"False"
"seint2018";"21";"False"
"seint2018";"23";"False"
"seint2018";"69";"False"
"seint2018";"80";"False"
"seint2018";"119";"False"
"seint2023";"20";"False"
"seint2023";"21";"False"
"seint2023";"23";"False"
"seint2023";"69";"False"
"seint2023";"80";"False"
"seint2023";"119";"False"
"seint2026";"20";"False"
"seint2026";"21";"False"
"seint2026";"23";"False"
"seint2026";"69";"False"
"seint2026";"80";"True"
"seint2026";"119";"False"
"seint2027";"20";"False"
"seint2027";"21";"False"
"seint2027";"23";"False"
"seint2027";"69";"False"
"seint2027";"80";"False"
"seint2027";"119";"False"
"seint2028";"20";"False"
"seint2028";"21";"False"
"seint2028";"23";"False"
"seint2028";"69";"False"
"seint2028";"80";"True"
"seint2028";"119";"False"
"seint2031";"20";"False"
"seint2031";"21";"False"
"seint2031";"23";"False"
"seint2031";"69";"False"
"seint2031";"80";"True"
"seint2031";"119";"False"
"seint2039";"20";"False"
"seint2039";"21";"False"
"seint2039";"23";"False"
"seint2039";"69";"False"
"seint2039";"80";"False"
"seint2039";"119";"False"
"seint2040";"20";"False"
"seint2040";"21";"False"
"seint2040";"23";"False"
"seint2040";"69";"False"
"seint2040";"80";"False"
"seint2040";"119";"False"
"seint2049";"20";"False"
"seint2049";"21";"False"
"seint2049";"23";"False"
"seint2049";"69";"False"
"seint2049";"80";"False"
"seint2049";"119";"False"
"seint2050";"20";"False"
"seint2050";"21";"False"
"seint2050";"23";"False"
"seint2050";"69";"False"
"seint2050";"80";"False"
"seint2050";"119";"False"
"seint2054";"20";"False"
"seint2054";"21";"False"
"seint2054";"23";"False"
"seint2054";"69";"False"
"seint2054";"80";"False"
"seint2054";"119";"False"
"seint2055";"20";"False"
"seint2055";"21";"False"
"seint2055";"23";"False"
"seint2055";"69";"False"
"seint2055";"80";"False"
"seint2055";"119";"False"
"seint2056";"20";"False"
"seint2056";"21";"False"
"seint2056";"23";"False"
"seint2056";"69";"False"
"seint2056";"80";"False"
"seint2056";"119";"False"
"seint2057";"20";"False"
"seint2057";"21";"False"
"seint2057";"23";"False"
"seint2057";"69";"False"
"seint2057";"80";"False"
"seint2057";"119";"False"
"seint2060";"20";"False"
"seint2060";"21";"False"
"seint2060";"23";"False"
"seint2060";"69";"False"
"seint2060";"80";"False"
"seint2060";"119";"False"
"seint2062";"20";"False"
"seint2062";"21";"False"
"seint2062";"23";"False"
"seint2062";"69";"False"
"seint2062";"80";"True"
"seint2062";"119";"False"
"seint2064";"20";"False"
"seint2064";"21";"False"
"seint2064";"23";"False"
"seint2064";"69";"False"
"seint2064";"80";"False"
"seint2064";"119";"False"
"seint2065";"20";"False"
"seint2065";"21";"False"
"seint2065";"23";"False"
"seint2065";"69";"False"
"seint2065";"80";"False"
"seint2065";"119";"False"
"seint2066";"20";"False"
"seint2066";"21";"False"
"seint2066";"23";"False"
"seint2066";"69";"False"
"seint2066";"80";"False"
"seint2066";"119";"False"
"seint2067";"20";"False"
"seint2067";"21";"False"
"seint2067";"23";"False"
"seint2067";"69";"False"
"seint2067";"80";"True"
"seint2067";"119";"False"
"seint2068";"20";"False"
"seint2068";"21";"False"
"seint2068";"23";"False"
"seint2068";"69";"False"
"seint2068";"80";"False"
"seint2068";"119";"False"
"seint2069";"20";"False"
"seint2069";"21";"False"
"seint2069";"23";"False"
"seint2069";"69";"False"
"seint2069";"80";"False"
"seint2069";"119";"False"
"seint2070";"20";"False"
"seint2070";"21";"False"
"seint2070";"23";"False"
"seint2070";"69";"False"
"seint2070";"80";"False"
"seint2070";"119";"False"
"seint2071";"20";"False"
"seint2071";"21";"False"
"seint2071";"23";"False"
"seint2071";"69";"False"
"seint2071";"80";"False"
"seint2071";"119";"False"
"seint2076";"20";"False"
"seint2076";"21";"False"
"seint2076";"23";"False"
"seint2076";"69";"False"
"seint2076";"80";"False"
"seint2076";"119";"False"
"seint2077";"20";"False"
"seint2077";"21";"False"
"seint2077";"23";"False"
"seint2077";"69";"False"
"seint2077";"80";"True"
"seint2077";"119";"False"
"seint2078";"20";"False"
"seint2078";"21";"False"
"seint2078";"23";"False"
"seint2078";"69";"False"
"seint2078";"80";"False"
"seint2078";"119";"False"
"seint2082";"20";"False"
"seint2082";"21";"False"
"seint2082";"23";"False"
"seint2082";"69";"False"
"seint2082";"80";"False"
"seint2082";"119";"False"
"seint2090";"20";"False"
"seint2090";"21";"True"
"seint2090";"23";"False"
"seint2090";"69";"False"
"seint2090";"80";"False"
"seint2090";"119";"False"
"seint2091";"20";"False"
"seint2091";"21";"False"
"seint2091";"23";"False"
"seint2091";"69";"False"
"seint2091";"80";"True"
"seint2091";"119";"False"
"seint2092";"20";"False"
"seint2092";"21";"False"
"seint2092";"23";"False"
"seint2092";"69";"False"
"seint2092";"80";"True"
"seint2092";"119";"False"
"seint2093";"20";"False"
"seint2093";"21";"False"
"seint2093";"23";"False"
"seint2093";"69";"False"
"seint2093";"80";"False"
"seint2093";"119";"False"
"seint2096";"20";"False"
"seint2096";"21";"False"
"seint2096";"23";"False"
"seint2096";"69";"False"
"seint2096";"80";"False"
"seint2096";"119";"False"
"seint2098";"20";"False"
"seint2098";"21";"False"
"seint2098";"23";"False"
"seint2098";"69";"False"
"seint2098";"80";"True"
"seint2098";"119";"False"
"seint2101";"20";"False"
"seint2101";"21";"False"
"seint2101";"23";"False"
"seint2101";"69";"False"
"seint2101";"80";"False"
"seint2101";"119";"False"
"seint2102";"20";"False"
"seint2102";"21";"False"
"seint2102";"23";"False"
"seint2102";"69";"False"
"seint2102";"80";"False"
"seint2102";"119";"False"
"seint2107";"20";"False"
"seint2107";"21";"False"
"seint2107";"23";"False"
"seint2107";"69";"False"
"seint2107";"80";"False"
"seint2107";"119";"False"
"seint2108";"20";"False"
"seint2108";"21";"False"
"seint2108";"23";"False"
"seint2108";"69";"False"
"seint2108";"80";"False"
"seint2108";"119";"False"
"seint2109";"20";"False"
"seint2109";"21";"False"
"seint2109";"23";"False"
"seint2109";"69";"False"
"seint2109";"80";"False"
"seint2109";"119";"False"
"seint2110";"20";"False"
"seint2110";"21";"False"
"seint2110";"23";"False"
"seint2110";"69";"False"
"seint2110";"80";"False"
"seint2110";"119";"False"
"seint2111";"20";"False"
"seint2111";"21";"False"
"seint2111";"23";"False"
"seint2111";"69";"False"
"seint2111";"80";"False"
"seint2111";"119";"False"
"seint2112";"20";"False"
"seint2112";"21";"False"
"seint2112";"23";"False"
"seint2112";"69";"False"
"seint2112";"80";"False"
"seint2112";"119";"False"
"seint2116";"20";"False"
"seint2116";"21";"False"
"seint2116";"23";"False"
"seint2116";"69";"False"
"seint2116";"80";"False"
"seint2116";"119";"False"
"seint2117";"20";"False"
"seint2117";"21";"False"
"seint2117";"23";"False"
"seint2117";"69";"False"
"seint2117";"80";"False"
"seint2117";"119";"False"
"seint2118";"20";"False"
"seint2118";"21";"False"
"seint2118";"23";"False"
"seint2118";"69";"False"
"seint2118";"80";"False"
"seint2118";"119";"False"
"seint2120";"20";"False"
"seint2120";"21";"False"
"seint2120";"23";"False"
"seint2120";"69";"False"
"seint2120";"80";"False"
"seint2120";"119";"False"
"seint2401";"20";"False"
"seint2401";"21";"False"
"seint2401";"23";"False"
"seint2401";"69";"False"
"seint2401";"80";"True"
"seint2401";"119";"False"
"seint2405";"20";"False"
"seint2405";"21";"False"
"seint2405";"23";"False"
"seint2405";"69";"False"
"seint2405";"80";"False"
"seint2405";"119";"False"
"seint2408";"20";"False"
"seint2408";"21";"False"
"seint2408";"23";"False"
"seint2408";"69";"False"
"seint2408";"80";"False"
"seint2408";"119";"False"
"seint2410";"20";"False"
"seint2410";"21";"False"
"seint2410";"23";"False"
"seint2410";"69";"False"
"seint2410";"80";"False"
"seint2410";"119";"False"
"seint2411";"20";"False"
"seint2411";"21";"False"
"seint2411";"23";"False"
"seint2411";"69";"False"
"seint2411";"80";"False"
"seint2411";"119";"False"
"seint2415";"20";"False"
"seint2415";"21";"False"
"seint2415";"23";"False"
"seint2415";"69";"False"
"seint2415";"80";"False"
"seint2415";"119";"False"
"seint2416";"20";"False"
"seint2416";"21";"False"
"seint2416";"23";"False"
"seint2416";"69";"False"
"seint2416";"80";"True"
"seint2416";"119";"False"
"seint2467";"20";"False"
"seint2467";"21";"False"
"seint2467";"23";"False"
"seint2467";"69";"False"
"seint2467";"80";"True"
"seint2467";"119";"False"
"seint3010";"20";"False"
"seint3010";"21";"False"
"seint3010";"23";"False"
"seint3010";"69";"False"
"seint3010";"80";"False"
"seint3010";"119";"False"
"seint3053";"20";"False"
"seint3053";"21";"False"
"seint3053";"23";"False"
"seint3053";"69";"False"
"seint3053";"80";"False"
"seint3053";"119";"False"
"seint3055";"20";"False"
"seint3055";"21";"False"
"seint3055";"23";"False"
"seint3055";"69";"False"
"seint3055";"80";"False"
"seint3055";"119";"False"
"seint3056";"20";"False"
"seint3056";"21";"False"
"seint3056";"23";"False"
"seint3056";"69";"False"
"seint3056";"80";"False"
"seint3056";"119";"False"
"seint3069";"20";"False"
"seint3069";"21";"False"
"seint3069";"23";"False"
"seint3069";"69";"False"
"seint3069";"80";"False"
"seint3069";"119";"False"
"seint3158";"20";"False"
"seint3158";"21";"False"
"seint3158";"23";"False"
"seint3158";"69";"False"
"seint3158";"80";"False"
"seint3158";"119";"False"
"seint3181";"20";"False"
"seint3181";"21";"False"
"seint3181";"23";"False"
"seint3181";"69";"False"
"seint3181";"80";"True"
"seint3181";"119";"False"
"seint3185";"20";"False"
"seint3185";"21";"False"
"seint3185";"23";"False"
"seint3185";"69";"False"
"seint3185";"80";"True"
"seint3185";"119";"False"
"seint3187";"20";"False"
"seint3187";"21";"False"
"seint3187";"23";"False"
"seint3187";"69";"False"
"seint3187";"80";"True"
"seint3187";"119";"False"
"seint3190";"20";"False"
"seint3190";"21";"False"
"seint3190";"23";"False"
"seint3190";"69";"False"
"seint3190";"80";"False"
"seint3190";"119";"False"
"seint3191";"20";"False"
"seint3191";"21";"False"
"seint3191";"23";"False"
"seint3191";"69";"False"
"seint3191";"80";"True"
"seint3191";"119";"False"
"seint3196";"20";"False"
"seint3196";"21";"False"
"seint3196";"23";"False"
"seint3196";"69";"False"
"seint3196";"80";"True"
"seint3196";"119";"False"
"seint3197";"20";"False"
"seint3197";"21";"False"
"seint3197";"23";"False"
"seint3197";"69";"False"
"seint3197";"80";"True"
"seint3197";"119";"False"
"seint3198";"20";"False"
"seint3198";"21";"False"
"seint3198";"23";"False"
"seint3198";"69";"False"
"seint3198";"80";"True"
"seint3198";"119";"False"
"seint3199";"20";"False"
"seint3199";"21";"False"
"seint3199";"23";"False"
"seint3199";"69";"False"
"seint3199";"80";"True"
"seint3199";"119";"False"
"seint3200";"20";"False"
"seint3200";"21";"False"
"seint3200";"23";"False"
"seint3200";"69";"False"
"seint3200";"80";"True"
"seint3200";"119";"False"
"seint3202";"20";"False"
"seint3202";"21";"False"
"seint3202";"23";"False"
"seint3202";"69";"False"
"seint3202";"80";"True"
"seint3202";"119";"False"
"seint3203";"20";"False"
"seint3203";"21";"False"
"seint3203";"23";"False"
"seint3203";"69";"False"
"seint3203";"80";"False"
"seint3203";"119";"False"
"seint3205";"20";"False"
"seint3205";"21";"False"
"seint3205";"23";"False"
"seint3205";"69";"False"
"seint3205";"80";"False"
"seint3205";"119";"False"
"seint3206";"20";"False"
"seint3206";"21";"False"
"seint3206";"23";"False"
"seint3206";"69";"False"
"seint3206";"80";"False"
"seint3206";"119";"False"
"seint3210";"20";"False"
"seint3210";"21";"False"
"seint3210";"23";"False"
"seint3210";"69";"False"
"seint3210";"80";"False"
"seint3210";"119";"False"
"seint3211";"20";"False"
"seint3211";"21";"False"
"seint3211";"23";"False"
"seint3211";"69";"False"
"seint3211";"80";"True"
"seint3211";"119";"False"
"seint3220";"20";"False"
"seint3220";"21";"False"
"seint3220";"23";"False"
"seint3220";"69";"False"
"seint3220";"80";"True"
"seint3220";"119";"False"
"seint3221";"20";"False"
"seint3221";"21";"False"
"seint3221";"23";"False"
"seint3221";"69";"False"
"seint3221";"80";"True"
"seint3221";"119";"False"
"seint3243";"20";"False"
"seint3243";"21";"False"
"seint3243";"23";"False"
"seint3243";"69";"False"
"seint3243";"80";"True"
"seint3243";"119";"False"
"seint3246";"20";"False"
"seint3246";"21";"False"
"seint3246";"23";"False"
"seint3246";"69";"False"
"seint3246";"80";"True"
"seint3246";"119";"False"
"seint3265";"20";"False"
"seint3265";"21";"False"
"seint3265";"23";"False"
"seint3265";"69";"False"
"seint3265";"80";"False"
"seint3265";"119";"False"
"seint3266";"20";"False"
"seint3266";"21";"False"
"seint3266";"23";"False"
"seint3266";"69";"False"
"seint3266";"80";"True"
"seint3266";"119";"False"
"seint3270";"20";"False"
"seint3270";"21";"False"
"seint3270";"23";"False"
"seint3270";"69";"False"
"seint3270";"80";"False"
"seint3270";"119";"False"
"seint3271";"20";"False"
"seint3271";"21";"False"
"seint3271";"23";"False"
"seint3271";"69";"False"
"seint3271";"80";"True"
"seint3271";"119";"False"
"seint3315";"20";"False"
"seint3315";"21";"True"
"seint3315";"23";"False"
"seint3315";"69";"False"
"seint3315";"80";"False"
"seint3315";"119";"False"
"seint3316";"20";"False"
"seint3316";"21";"False"
"seint3316";"23";"False"
"seint3316";"69";"False"
"seint3316";"80";"False"
"seint3316";"119";"False"
"seint3318";"20";"False"
"seint3318";"21";"False"
"seint3318";"23";"False"
"seint3318";"69";"False"
"seint3318";"80";"False"
"seint3318";"119";"False"
"seint3345";"20";"False"
"seint3345";"21";"True"
"seint3345";"23";"False"
"seint3345";"69";"False"
"seint3345";"80";"True"
"seint3345";"119";"False"
"seint3363";"20";"False"
"seint3363";"21";"False"
"seint3363";"23";"False"
"seint3363";"69";"False"
"seint3363";"80";"True"
"seint3363";"119";"False"
"seint3364";"20";"False"
"seint3364";"21";"False"
"seint3364";"23";"False"
"seint3364";"69";"False"
"seint3364";"80";"False"
"seint3364";"119";"False"
"seint3366";"20";"False"
"seint3366";"21";"False"
"seint3366";"23";"False"
"seint3366";"69";"False"
"seint3366";"80";"True"
"seint3366";"119";"False"
"seint3367";"20";"False"
"seint3367";"21";"False"
"seint3367";"23";"False"
"seint3367";"69";"False"
"seint3367";"80";"False"
"seint3367";"119";"False"
"seint3369";"20";"False"
"seint3369";"21";"False"
"seint3369";"23";"False"
"seint3369";"69";"False"
"seint3369";"80";"False"
"seint3369";"119";"False"
"seint3411";"20";"False"
"seint3411";"21";"False"
"seint3411";"23";"False"
"seint3411";"69";"False"
"seint3411";"80";"True"
"seint3411";"119";"False"
"seint3412";"20";"False"
"seint3412";"21";"False"
"seint3412";"23";"False"
"seint3412";"69";"False"
"seint3412";"80";"True"
"seint3412";"119";"False"
"seint3413";"20";"False"
"seint3413";"21";"False"
"seint3413";"23";"False"
"seint3413";"69";"False"
"seint3413";"80";"False"
"seint3413";"119";"False"
"seint3443";"20";"False"
"seint3443";"21";"False"
"seint3443";"23";"False"
"seint3443";"69";"False"
"seint3443";"80";"True"
"seint3443";"119";"False"
"seint3451";"20";"False"
"seint3451";"21";"False"
"seint3451";"23";"False"
"seint3451";"69";"False"
"seint3451";"80";"False"
"seint3451";"119";"False"
"seint3452";"20";"False"
"seint3452";"21";"False"
"seint3452";"23";"False"
"seint3452";"69";"False"
"seint3452";"80";"True"
"seint3452";"119";"False"
"seint3453";"20";"False"
"seint3453";"21";"False"
"seint3453";"23";"False"
"seint3453";"69";"False"
"seint3453";"80";"False"
"seint3453";"119";"False"
"seint3454";"20";"False"
"seint3454";"21";"False"
"seint3454";"23";"False"
"seint3454";"69";"False"
"seint3454";"80";"False"
"seint3454";"119";"False"
"seint3455";"20";"False"
"seint3455";"21";"False"
"seint3455";"23";"False"
"seint3455";"69";"False"
"seint3455";"80";"False"
"seint3455";"119";"False"
"seint3456";"20";"False"
"seint3456";"21";"False"
"seint3456";"23";"False"
"seint3456";"69";"False"
"seint3456";"80";"False"
"seint3456";"119";"False"
"seint3457";"20";"False"
"seint3457";"21";"False"
"seint3457";"23";"False"
"seint3457";"69";"False"
"seint3457";"80";"True"
"seint3457";"119";"False"
"seint3459";"20";"False"
"seint3459";"21";"False"
"seint3459";"23";"False"
"seint3459";"69";"False"
"seint3459";"80";"False"
"seint3459";"119";"False"
"seint3460";"20";"False"
"seint3460";"21";"False"
"seint3460";"23";"False"
"seint3460";"69";"False"
"seint3460";"80";"True"
"seint3460";"119";"False"
"seint3461";"20";"False"
"seint3461";"21";"False"
"seint3461";"23";"False"
"seint3461";"69";"False"
"seint3461";"80";"True"
"seint3461";"119";"False"
"seint3465";"20";"False"
"seint3465";"21";"False"
"seint3465";"23";"False"
"seint3465";"69";"False"
"seint3465";"80";"True"
"seint3465";"119";"False"
"seint346";"20";"False"
"seint346";"21";"False"
"seint346";"23";"False"
"seint346";"69";"False"
"seint346";"80";"False"
"seint346";"119";"True"
"seint347";"20";"False"
"seint347";"21";"False"
"seint347";"23";"False"
"seint347";"69";"False"
"seint347";"80";"False"
"seint347";"119";"False"
"seint348";"20";"False"
"seint348";"21";"False"
"seint348";"23";"False"
"seint348";"69";"False"
"seint348";"80";"False"
"seint348";"119";"False"
"seint349";"20";"False"
"seint349";"21";"False"
"seint349";"23";"False"
"seint349";"69";"False"
"seint349";"80";"False"
"seint349";"119";"False"
"seint3558";"20";"False"
"seint3558";"21";"False"
"seint3558";"23";"False"
"seint3558";"69";"False"
"seint3558";"80";"False"
"seint3558";"119";"False"
"seint3559";"20";"False"
"seint3559";"21";"False"
"seint3559";"23";"False"
"seint3559";"69";"False"
"seint3559";"80";"False"
"seint3559";"119";"False"
"seint3560";"20";"False"
"seint3560";"21";"False"
"seint3560";"23";"False"
"seint3560";"69";"False"
"seint3560";"80";"True"
"seint3560";"119";"False"
"seint3561";"20";"False"
"seint3561";"21";"False"
"seint3561";"23";"False"
"seint3561";"69";"False"
"seint3561";"80";"False"
"seint3561";"119";"False"
"seint3562";"20";"False"
"seint3562";"21";"False"
"seint3562";"23";"False"
"seint3562";"69";"False"
"seint3562";"80";"False"
"seint3562";"119";"False"
"seint3576";"20";"False"
"seint3576";"21";"False"
"seint3576";"23";"False"
"seint3576";"69";"False"
"seint3576";"80";"True"
"seint3576";"119";"False"
"seint3577";"20";"False"
"seint3577";"21";"False"
"seint3577";"23";"False"
"seint3577";"69";"False"
"seint3577";"80";"False"
"seint3577";"119";"False"
"seint3578";"20";"False"
"seint3578";"21";"False"
"seint3578";"23";"False"
"seint3578";"69";"False"
"seint3578";"80";"False"
"seint3578";"119";"False"
"seint3579";"20";"False"
"seint3579";"21";"False"
"seint3579";"23";"False"
"seint3579";"69";"False"
"seint3579";"80";"False"
"seint3579";"119";"False"
"seint3580";"20";"False"
"seint3580";"21";"False"
"seint3580";"23";"False"
"seint3580";"69";"False"
"seint3580";"80";"False"
"seint3580";"119";"False"
"seint3581";"20";"False"
"seint3581";"21";"False"
"seint3581";"23";"False"
"seint3581";"69";"False"
"seint3581";"80";"False"
"seint3581";"119";"False"
"seint3582";"20";"False"
"seint3582";"21";"False"
"seint3582";"23";"False"
"seint3582";"69";"False"
"seint3582";"80";"True"
"seint3582";"119";"False"
"seint3584";"20";"False"
"seint3584";"21";"False"
"seint3584";"23";"False"
"seint3584";"69";"False"
"seint3584";"80";"False"
"seint3584";"119";"False"
"seint3588";"20";"False"
"seint3588";"21";"False"
"seint3588";"23";"False"
"seint3588";"69";"False"
"seint3588";"80";"True"
"seint3588";"119";"False"
"seint3589";"20";"False"
"seint3589";"21";"False"
"seint3589";"23";"False"
"seint3589";"69";"False"
"seint3589";"80";"False"
"seint3589";"119";"False"
"seint3590";"20";"False"
"seint3590";"21";"False"
"seint3590";"23";"False"
"seint3590";"69";"False"
"seint3590";"80";"False"
"seint3590";"119";"False"
"seint3592";"20";"False"
"seint3592";"21";"False"
"seint3592";"23";"False"
"seint3592";"69";"False"
"seint3592";"80";"False"
"seint3592";"119";"False"
"seint3593";"20";"False"
"seint3593";"21";"False"
"seint3593";"23";"False"
"seint3593";"69";"False"
"seint3593";"80";"False"
"seint3593";"119";"False"
"seint3596";"20";"False"
"seint3596";"21";"False"
"seint3596";"23";"False"
"seint3596";"69";"False"
"seint3596";"80";"True"
"seint3596";"119";"False"
"seint3598";"20";"False"
"seint3598";"21";"False"
"seint3598";"23";"False"
"seint3598";"69";"False"
"seint3598";"80";"False"
"seint3598";"119";"False"
"seint3599";"20";"False"
"seint3599";"21";"False"
"seint3599";"23";"False"
"seint3599";"69";"False"
"seint3599";"80";"False"
"seint3599";"119";"False"
"seint3600";"20";"False"
"seint3600";"21";"False"
"seint3600";"23";"False"
"seint3600";"69";"False"
"seint3600";"80";"False"
"seint3600";"119";"False"
"seint3606";"20";"False"
"seint3606";"21";"False"
"seint3606";"23";"False"
"seint3606";"69";"False"
"seint3606";"80";"False"
"seint3606";"119";"False"
"seint3607";"20";"False"
"seint3607";"21";"False"
"seint3607";"23";"False"
"seint3607";"69";"False"
"seint3607";"80";"False"
"seint3607";"119";"False"
"seint3614";"20";"False"
"seint3614";"21";"False"
"seint3614";"23";"False"
"seint3614";"69";"False"
"seint3614";"80";"False"
"seint3614";"119";"False"
"seint3615";"20";"False"
"seint3615";"21";"False"
"seint3615";"23";"False"
"seint3615";"69";"False"
"seint3615";"80";"False"
"seint3615";"119";"False"
"seint3616";"20";"False"
"seint3616";"21";"False"
"seint3616";"23";"False"
"seint3616";"69";"False"
"seint3616";"80";"False"
"seint3616";"119";"False"
"seint3617";"20";"False"
"seint3617";"21";"False"
"seint3617";"23";"False"
"seint3617";"69";"False"
"seint3617";"80";"True"
"seint3617";"119";"False"
"seint3618";"20";"False"
"seint3618";"21";"False"
"seint3618";"23";"False"
"seint3618";"69";"False"
"seint3618";"80";"True"
"seint3618";"119";"False"
"seint3619";"20";"False"
"seint3619";"21";"False"
"seint3619";"23";"False"
"seint3619";"69";"False"
"seint3619";"80";"True"
"seint3619";"119";"False"
"seint3620";"20";"False"
"seint3620";"21";"False"
"seint3620";"23";"False"
"seint3620";"69";"False"
"seint3620";"80";"False"
"seint3620";"119";"False"
"seint3621";"20";"False"
"seint3621";"21";"False"
"seint3621";"23";"False"
"seint3621";"69";"False"
"seint3621";"80";"False"
"seint3621";"119";"False"
"seint3622";"20";"False"
"seint3622";"21";"False"
"seint3622";"23";"False"
"seint3622";"69";"False"
"seint3622";"80";"False"
"seint3622";"119";"False"
"seint3623";"20";"False"
"seint3623";"21";"False"
"seint3623";"23";"False"
"seint3623";"69";"False"
"seint3623";"80";"False"
"seint3623";"119";"False"
"seint3624";"20";"False"
"seint3624";"21";"False"
"seint3624";"23";"False"
"seint3624";"69";"False"
"seint3624";"80";"False"
"seint3624";"119";"False"
"seint3626";"20";"False"
"seint3626";"21";"False"
"seint3626";"23";"False"
"seint3626";"69";"False"
"seint3626";"80";"False"
"seint3626";"119";"False"
"seint3627";"20";"False"
"seint3627";"21";"False"
"seint3627";"23";"False"
"seint3627";"69";"False"
"seint3627";"80";"False"
"seint3627";"119";"False"
"seint3628";"20";"False"
"seint3628";"21";"False"
"seint3628";"23";"False"
"seint3628";"69";"False"
"seint3628";"80";"True"
"seint3628";"119";"False"
"seint3630";"20";"False"
"seint3630";"21";"False"
"seint3630";"23";"False"
"seint3630";"69";"False"
"seint3630";"80";"True"
"seint3630";"119";"False"
"seint3632";"20";"False"
"seint3632";"21";"False"
"seint3632";"23";"False"
"seint3632";"69";"False"
"seint3632";"80";"False"
"seint3632";"119";"False"
"seint3634";"20";"False"
"seint3634";"21";"False"
"seint3634";"23";"False"
"seint3634";"69";"False"
"seint3634";"80";"False"
"seint3634";"119";"False"
"seint3635";"20";"False"
"seint3635";"21";"False"
"seint3635";"23";"False"
"seint3635";"69";"False"
"seint3635";"80";"False"
"seint3635";"119";"False"
"seint3636";"20";"False"
"seint3636";"21";"False"
"seint3636";"23";"False"
"seint3636";"69";"False"
"seint3636";"80";"False"
"seint3636";"119";"False"
"seint3642";"20";"False"
"seint3642";"21";"False"
"seint3642";"23";"False"
"seint3642";"69";"False"
"seint3642";"80";"False"
"seint3642";"119";"False"
"seint3644";"20";"False"
"seint3644";"21";"False"
"seint3644";"23";"False"
"seint3644";"69";"False"
"seint3644";"80";"False"
"seint3644";"119";"False"
"seint3650";"20";"False"
"seint3650";"21";"False"
"seint3650";"23";"False"
"seint3650";"69";"False"
"seint3650";"80";"False"
"seint3650";"119";"False"
"seint3651";"20";"False"
"seint3651";"21";"False"
"seint3651";"23";"False"
"seint3651";"69";"False"
"seint3651";"80";"False"
"seint3651";"119";"False"
"seint3652";"20";"False"
"seint3652";"21";"False"
"seint3652";"23";"False"
"seint3652";"69";"False"
"seint3652";"80";"False"
"seint3652";"119";"False"
"seint3653";"20";"False"
"seint3653";"21";"False"
"seint3653";"23";"False"
"seint3653";"69";"False"
"seint3653";"80";"False"
"seint3653";"119";"False"
"seint3655";"20";"False"
"seint3655";"21";"False"
"seint3655";"23";"False"
"seint3655";"69";"False"
"seint3655";"80";"False"
"seint3655";"119";"False"
"seint3660";"20";"False"
"seint3660";"21";"False"
"seint3660";"23";"False"
"seint3660";"69";"False"
"seint3660";"80";"True"
"seint3660";"119";"False"
"seint3661";"20";"False"
"seint3661";"21";"False"
"seint3661";"23";"False"
"seint3661";"69";"False"
"seint3661";"80";"True"
"seint3661";"119";"False"
"seint3666";"20";"False"
"seint3666";"21";"False"
"seint3666";"23";"False"
"seint3666";"69";"False"
"seint3666";"80";"False"
"seint3666";"119";"False"
"seint3667";"20";"False"
"seint3667";"21";"False"
"seint3667";"23";"False"
"seint3667";"69";"False"
"seint3667";"80";"False"
"seint3667";"119";"False"
"seint3668";"20";"False"
"seint3668";"21";"False"
"seint3668";"23";"False"
"seint3668";"69";"False"
"seint3668";"80";"True"
"seint3668";"119";"False"
"seint3669";"20";"False"
"seint3669";"21";"False"
"seint3669";"23";"False"
"seint3669";"69";"False"
"seint3669";"80";"False"
"seint3669";"119";"False"
"seint3670";"20";"False"
"seint3670";"21";"False"
"seint3670";"23";"False"
"seint3670";"69";"False"
"seint3670";"80";"False"
"seint3670";"119";"False"
"seint3672";"20";"False"
"seint3672";"21";"False"
"seint3672";"23";"False"
"seint3672";"69";"False"
"seint3672";"80";"False"
"seint3672";"119";"False"
"seint3673";"20";"False"
"seint3673";"21";"False"
"seint3673";"23";"False"
"seint3673";"69";"False"
"seint3673";"80";"False"
"seint3673";"119";"False"
"seint3674";"20";"False"
"seint3674";"21";"False"
"seint3674";"23";"False"
"seint3674";"69";"False"
"seint3674";"80";"True"
"seint3674";"119";"False"
"seint3681";"20";"False"
"seint3681";"21";"False"
"seint3681";"23";"False"
"seint3681";"69";"False"
"seint3681";"80";"False"
"seint3681";"119";"False"
"seint3682";"20";"False"
"seint3682";"21";"False"
"seint3682";"23";"False"
"seint3682";"69";"False"
"seint3682";"80";"False"
"seint3682";"119";"False"
"seint3684";"20";"False"
"seint3684";"21";"False"
"seint3684";"23";"False"
"seint3684";"69";"False"
"seint3684";"80";"False"
"seint3684";"119";"False"
"seint3685";"20";"False"
"seint3685";"21";"False"
"seint3685";"23";"False"
"seint3685";"69";"False"
"seint3685";"80";"False"
"seint3685";"119";"False"
"seint3686";"20";"False"
"seint3686";"21";"False"
"seint3686";"23";"False"
"seint3686";"69";"False"
"seint3686";"80";"True"
"seint3686";"119";"False"
"seint3688";"20";"False"
"seint3688";"21";"False"
"seint3688";"23";"False"
"seint3688";"69";"False"
"seint3688";"80";"False"
"seint3688";"119";"False"
"seint3689";"20";"False"
"seint3689";"21";"False"
"seint3689";"23";"False"
"seint3689";"69";"False"
"seint3689";"80";"False"
"seint3689";"119";"False"
"seint3690";"20";"False"
"seint3690";"21";"False"
"seint3690";"23";"False"
"seint3690";"69";"False"
"seint3690";"80";"False"
"seint3690";"119";"False"
"seint3691";"20";"False"
"seint3691";"21";"False"
"seint3691";"23";"False"
"seint3691";"69";"False"
"seint3691";"80";"False"
"seint3691";"119";"False"
"seint454";"20";"False"
"seint454";"21";"False"
"seint454";"23";"False"
"seint454";"69";"False"
"seint454";"80";"True"
"seint454";"119";"False"
"seint5004";"20";"False"
"seint5004";"21";"False"
"seint5004";"23";"False"
"seint5004";"69";"False"
"seint5004";"80";"False"
"seint5004";"119";"False"
"seint5005";"20";"False"
"seint5005";"21";"False"
"seint5005";"23";"False"
"seint5005";"69";"False"
"seint5005";"80";"False"
"seint5005";"119";"False"
"seint641";"20";"False"
"seint641";"21";"False"
"seint641";"23";"False"
"seint641";"69";"False"
"seint641";"80";"True"
"seint641";"119";"False"
"seint651";"20";"False"
"seint651";"21";"False"
"seint651";"23";"False"
"seint651";"69";"False"
"seint651";"80";"True"
"seint651";"119";"False"
"seint654";"20";"False"
"seint654";"21";"False"
"seint654";"23";"False"
"seint654";"69";"False"
"seint654";"80";"True"
"seint654";"119";"False"
"seint660";"20";"False"
"seint660";"21";"False"
"seint660";"23";"False"
"seint660";"69";"False"
"seint660";"80";"True"
"seint660";"119";"False"
"seint665";"20";"False"
"seint665";"21";"False"
"seint665";"23";"False"
"seint665";"69";"False"
"seint665";"80";"True"
"seint665";"119";"False"
"seint666";"20";"False"
"seint666";"21";"False"
"seint666";"23";"False"
"seint666";"69";"False"
"seint666";"80";"False"
"seint666";"119";"False"
"seint675";"20";"False"
"seint675";"21";"False"
"seint675";"23";"False"
"seint675";"69";"False"
"seint675";"80";"False"
"seint675";"119";"False"
"seint676";"20";"False"
"seint676";"21";"False"
"seint676";"23";"False"
"seint676";"69";"False"
"seint676";"80";"True"
"seint676";"119";"False"
"seint709";"20";"False"
"seint709";"21";"True"
"seint709";"23";"False"
"seint709";"69";"False"
"seint709";"80";"True"
"seint709";"119";"False"
"seint711";"20";"False"
"seint711";"21";"True"
"seint711";"23";"False"
"seint711";"69";"False"
"seint711";"80";"True"
"seint711";"119";"False"
"seint712";"20";"False"
"seint712";"21";"False"
"seint712";"23";"False"
"seint712";"69";"False"
"seint712";"80";"False"
"seint712";"119";"False"
"seint716";"20";"False"
"seint716";"21";"False"
"seint716";"23";"False"
"seint716";"69";"False"
"seint716";"80";"True"
"seint716";"119";"False"
"seint71";"20";"False"
"seint71";"21";"False"
"seint71";"23";"False"
"seint71";"69";"False"
"seint71";"80";"True"
"seint71";"119";"False"
"seint72";"20";"False"
"seint72";"21";"False"
"seint72";"23";"False"
"seint72";"69";"False"
"seint72";"80";"False"
"seint72";"119";"False"
"seint814";"20";"False"
"seint814";"21";"False"
"seint814";"23";"False"
"seint814";"69";"False"
"seint814";"80";"False"
"seint814";"119";"False"
"seint846";"20";"False"
"seint846";"21";"False"
"seint846";"23";"False"
"seint846";"69";"False"
"seint846";"80";"False"
"seint846";"119";"False"
"seint877";"20";"False"
"seint877";"21";"False"
"seint877";"23";"False"
"seint877";"69";"False"
"seint877";"80";"True"
"seint877";"119";"False"
"seint878";"20";"False"
"seint878";"21";"False"
"seint878";"23";"False"
"seint878";"69";"False"
"seint878";"80";"False"
"seint878";"119";"False"
"seint884";"20";"False"
"seint884";"21";"False"
"seint884";"23";"False"
"seint884";"69";"False"
"seint884";"80";"False"
"seint884";"119";"False"
"seint885";"20";"False"
"seint885";"21";"False"
"seint885";"23";"False"
"seint885";"69";"False"
"seint885";"80";"False"
"seint885";"119";"False"
"seint9065";"20";"False"
"seint9065";"21";"False"
"seint9065";"23";"False"
"seint9065";"69";"False"
"seint9065";"80";"True"
"seint9065";"119";"False"
"seint9066";"20";"False"
"seint9066";"21";"False"
"seint9066";"23";"False"
"seint9066";"69";"False"
"seint9066";"80";"False"
"seint9066";"119";"False"
"seint9067";"20";"False"
"seint9067";"21";"False"
"seint9067";"23";"False"
"seint9067";"69";"False"
"seint9067";"80";"False"
"seint9067";"119";"False"
"seint9068";"20";"False"
"seint9068";"21";"False"
"seint9068";"23";"False"
"seint9068";"69";"False"
"seint9068";"80";"False"
"seint9068";"119";"False"
"seint9069";"20";"False"
"seint9069";"21";"False"
"seint9069";"23";"False"
"seint9069";"69";"False"
"seint9069";"80";"False"
"seint9069";"119";"False"
"seint9080";"20";"False"
"seint9080";"21";"False"
"seint9080";"23";"False"
"seint9080";"69";"False"
"seint9080";"80";"False"
"seint9080";"119";"False"
"seint9089";"20";"False"
"seint9089";"21";"False"
"seint9089";"23";"False"
"seint9089";"69";"False"
"seint9089";"80";"True"
"seint9089";"119";"False"
"seint921";"20";"False"
"seint921";"21";"False"
"seint921";"23";"False"
"seint921";"69";"False"
"seint921";"80";"False"
"seint921";"119";"False"
"seint923";"20";"False"
"seint923";"21";"False"
"seint923";"23";"False"
"seint923";"69";"False"
"seint923";"80";"True"
"seint923";"119";"False"
"seint965";"20";"False"
"seint965";"21";"False"
"seint965";"23";"False"
"seint965";"69";"False"
"seint965";"80";"True"
"seint965";"119";"False"
"seint967";"20";"False"
"seint967";"21";"False"
"seint967";"23";"False"
"seint967";"69";"False"
"seint967";"80";"True"
"seint967";"119";"False"
"seint968";"20";"False"
"seint968";"21";"False"
"seint968";"23";"False"
"seint968";"69";"False"
"seint968";"80";"True"
"seint968";"119";"False"
"tzint1";"20";"False"
"tzint1";"21";"False"
"tzint1";"23";"False"
"tzint1";"69";"False"
"tzint1";"80";"True"
"tzint1";"119";"False"
"usdnt1005";"20";"False"
"usdnt1005";"21";"False"
"usdnt1005";"23";"False"
"usdnt1005";"69";"False"
"usdnt1005";"80";"False"
"usdnt1005";"119";"False"
"usint105";"20";"False"
"usint105";"21";"False"
"usint105";"23";"False"
"usint105";"69";"False"
"usint105";"80";"True"
"usint105";"119";"False"
"usint108";"20";"False"
"usint108";"21";"False"
"usint108";"23";"False"
"usint108";"69";"False"
"usint108";"80";"True"
"usint108";"119";"False"
"usint109";"20";"False"
"usint109";"21";"False"
"usint109";"23";"False"
"usint109";"69";"False"
"usint109";"80";"False"
"usint109";"119";"False"
"usint111";"20";"False"
"usint111";"21";"False"
"usint111";"23";"False"
"usint111";"69";"False"
"usint111";"80";"True"
"usint111";"119";"False"
"usint145";"20";"False"
"usint145";"21";"False"
"usint145";"23";"False"
"usint145";"69";"False"
"usint145";"80";"True"
"usint145";"119";"False"
"usint184";"20";"False"
"usint184";"21";"False"
"usint184";"23";"False"
"usint184";"69";"False"
"usint184";"80";"True"
"usint184";"119";"False"
"usint199";"20";"False"
"usint199";"21";"False"
"usint199";"23";"False"
"usint199";"69";"False"
"usint199";"80";"True"
"usint199";"119";"False"
"usint1";"20";"False"
"usint1";"21";"False"
"usint1";"23";"False"
"usint1";"69";"False"
"usint1";"80";"False"
"usint1";"119";"False"
"usint214";"20";"False"
"usint214";"21";"False"
"usint214";"23";"False"
"usint214";"69";"False"
"usint214";"80";"True"
"usint214";"119";"False"
"vas01";"20";"False"
"vas01";"21";"False"
"vas01";"23";"False"
"vas01";"69";"False"
"vas01";"80";"False"
"vas01";"119";"False"
"wtsap03";"20";"False"
"wtsap03";"21";"False"
"wtsap03";"23";"False"
"wtsap03";"69";"False"
"wtsap03";"80";"False"
"wtsap03";"119";"False"
"wtsap08";"20";"False"
"wtsap08";"21";"False"
"wtsap08";"23";"False"
"wtsap08";"69";"False"
"wtsap08";"80";"False"
"wtsap08";"119";"False"
"zadlns4";"20";"False"
"zadlns4";"21";"False"
"zadlns4";"23";"False"
"zadlns4";"69";"False"
"zadlns4";"80";"True"
"zadlns4";"119";"False"
"zaint53";"20";"False"
"zaint53";"21";"False"
"zaint53";"23";"False"
"zaint53";"69";"False"
"zaint53";"80";"False"
"zaint53";"119";"False"
"zaint54";"20";"False"
"zaint54";"21";"False"
"zaint54";"23";"False"
"zaint54";"69";"False"
"zaint54";"80";"False"
"zaint54";"119";"False"
"zaint67";"20";"False"
"zaint67";"21";"False"
"zaint67";"23";"False"
"zaint67";"69";"False"
"zaint67";"80";"True"
"zaint67";"119";"False"
"zaint73";"20";"False"
"zaint73";"21";"True"
"zaint73";"23";"False"
"zaint73";"69";"False"
"zaint73";"80";"True"
"zaint73";"119";"False"
"zaint74";"20";"False"
"zaint74";"21";"True"
"zaint74";"23";"False"
"zaint74";"69";"False"
"zaint74";"80";"True"
"zaint74";"119";"False"
"zaint77";"20";"False"
"zaint77";"21";"False"
"zaint77";"23";"False"
"zaint77";"69";"False"
"zaint77";"80";"True"
"zaint77";"119";"False"
"zaint80";"20";"False"
"zaint80";"21";"False"
"zaint80";"23";"False"
"zaint80";"69";"False"
"zaint80";"80";"True"
"zaint80";"119";"False"
"zaint83";"20";"False"
"zaint83";"21";"False"
"zaint83";"23";"False"
"zaint83";"69";"False"
"zaint83";"80";"False"
"zaint83";"119";"False"
